{"cameraMode":{"drawMode":0,"name":"Shaded","section":"Shading Mode"},"sceneLighting":true,"audioPlay":false,"sceneViewState":{"m_AlwaysRefresh":false,"showFog":true,"showSkybox":true,"showFlares":true,"showImageEffects":true,"showParticleSystems":true,"showVisualEffectGraphs":true,"m_FxEnabled":true},"in2DMode":false,"pivot":{"x":-0.009018898010253907,"y":-0.09104681015014649,"z":-2.210169792175293},"rotation":{"x":0.14346103370189668,"y":0.8549997806549072,"z":-0.32359209656715395,"w":0.3790547847747803},"size":8.8618745803833,"orthographic":true}